{
  "project_info": {
    "project_number": "968117996720",
    "firebase_url": "https://hrrecruit-8c1cc.firebaseio.com",
    "project_id": "hrrecruit-8c1cc",
    "storage_bucket": "hrrecruit-8c1cc.appspot.com"
  },
  "client": [
    {
      "client_info": {
        "mobilesdk_app_id": "1:968117996720:android:d39d42f0c47d6ff9",
        "android_client_info": {
          "package_name": "com.hrrecruit"
        }
      },
      "oauth_client": [
        {
          "client_id": "968117996720-4rthpo5l7r64jidjm691f7lr7bntleka.apps.googleusercontent.com",
          "client_type": 1,
          "android_info": {
            "package_name": "com.hrrecruit",
            "certificate_hash": "052dda60050c34c0b99738dcb0ebed0bbea1f628"
          }
        },
        {
          "client_id": "968117996720-6div64e7pih3ni57j8f9dd0flba3d5su.apps.googleusercontent.com",
          "client_type": 1,
          "android_info": {
            "package_name": "com.hrrecruit",
            "certificate_hash": "353f0999630c04bee641af3d05ee66642366c18f"
          }
        },
        {
          "client_id": "968117996720-onnv686oh3oic958st6dvje6k34a90gp.apps.googleusercontent.com",
          "client_type": 3
        }
      ],
      "api_key": [
        {
          "current_key": "AIzaSyDJU42WOdCsGw2vNbnbklK1Z3DkXV_0YgU"
        }
      ],
      "services": {
        "analytics_service": {
          "status": 1
        },
        "appinvite_service": {
          "status": 2,
          "other_platform_oauth_client": [
            {
              "client_id": "968117996720-onnv686oh3oic958st6dvje6k34a90gp.apps.googleusercontent.com",
              "client_type": 3
            }
          ]
        },
        "ads_service": {
          "status": 2
        }
      }
    }
  ],
  "configuration_version": "1"
}